Age_scaled,Salary_scaled,Gender_Male,Department_Marketing,Department_Sales
-1.412747802543384,-1.40509752879313,1.0,0.0,1.0
0.0,-0.5404221264588962,0.0,0.0,0.0
0.4155140595715835,0.0,1.0,0.0,0.0
1.5789534263720173,1.6212663793766884,0.0,1.0,0.0
-0.581719683400217,0.3242532758753377,1.0,0.0,1.0
